path,duration_sec,sample_rate,n_channels,sample_width_bytes,frames
/Users/emiliaknyazeva/Desktop/whisper/data/raw/openstt/asr_calls_2_val/b/97/4ab97e764cd5.wav,0.89,16000,1,2,14240
/Users/emiliaknyazeva/Desktop/whisper/data/raw/openstt/asr_calls_2_val/8/46/4976e88ced3a.wav,5.69,16000,1,2,91040
/Users/emiliaknyazeva/Desktop/whisper/data/raw/openstt/asr_calls_2_val/c/b6/1775d887a6ca.wav,0.59,16000,1,2,9440
/Users/emiliaknyazeva/Desktop/whisper/data/raw/openstt/asr_calls_2_val/e/0b/e043a2da0ec7.wav,0.89,16000,1,2,14240
/Users/emiliaknyazeva/Desktop/whisper/data/raw/openstt/asr_calls_2_val/f/df/206763d0e6cd.wav,1.73,16000,1,2,27680
/Users/emiliaknyazeva/Desktop/whisper/data/raw/openstt/asr_calls_2_val/c/8c/f87c81938435.wav,0.65,16000,1,2,10400
/Users/emiliaknyazeva/Desktop/whisper/data/raw/openstt/asr_calls_2_val/2/11/de06464ae42e.wav,1.4,16000,1,2,22400
/Users/emiliaknyazeva/Desktop/whisper/data/raw/openstt/asr_calls_2_val/4/89/04b5a28d166a.wav,0.48,16000,1,2,7680
/Users/emiliaknyazeva/Desktop/whisper/data/raw/openstt/asr_calls_2_val/8/5f/f5be1dcf6f91.wav,1.21,16000,1,2,19360
/Users/emiliaknyazeva/Desktop/whisper/data/raw/openstt/asr_calls_2_val/5/4e/c88ef3e978cb.wav,1.96,16000,1,2,31360
/Users/emiliaknyazeva/Desktop/whisper/data/raw/openstt/asr_calls_2_val/3/20/8e9969f00379.wav,1.53,16000,1,2,24480
/Users/emiliaknyazeva/Desktop/whisper/data/raw/openstt/asr_calls_2_val/8/b3/a9f75c55df29.wav,2.13,16000,1,2,34080
/Users/emiliaknyazeva/Desktop/whisper/data/raw/openstt/asr_calls_2_val/6/bc/33ef89e9d6dd.wav,2.13,16000,1,2,34080
/Users/emiliaknyazeva/Desktop/whisper/data/raw/openstt/asr_calls_2_val/f/7e/11e7cb8e6de2.wav,1.28,16000,1,2,20480
/Users/emiliaknyazeva/Desktop/whisper/data/raw/openstt/asr_calls_2_val/9/f3/d42054d0061b.wav,0.73,16000,1,2,11680
/Users/emiliaknyazeva/Desktop/whisper/data/raw/openstt/asr_calls_2_val/5/fe/ebb55c0b44a0.wav,4.59,16000,1,2,73440
/Users/emiliaknyazeva/Desktop/whisper/data/raw/openstt/asr_calls_2_val/c/50/ee62ec81fadf.wav,3.34,16000,1,2,53440
/Users/emiliaknyazeva/Desktop/whisper/data/raw/openstt/asr_calls_2_val/9/84/fffceac2ac8b.wav,1.25,16000,1,2,20000
/Users/emiliaknyazeva/Desktop/whisper/data/raw/openstt/asr_calls_2_val/f/c7/afb6a72620cc.wav,2.13,16000,1,2,34080
/Users/emiliaknyazeva/Desktop/whisper/data/raw/openstt/asr_calls_2_val/e/4d/3e7ea796e7d1.wav,0.92,16000,1,2,14720
/Users/emiliaknyazeva/Desktop/whisper/data/raw/openstt/asr_calls_2_val/a/ee/157ca50ec92a.wav,1.2,16000,1,2,19200
/Users/emiliaknyazeva/Desktop/whisper/data/raw/openstt/asr_calls_2_val/a/b0/5d7b9abb61d8.wav,0.81,16000,1,2,12960
/Users/emiliaknyazeva/Desktop/whisper/data/raw/openstt/asr_calls_2_val/5/df/9e5e492a06ce.wav,2.64,16000,1,2,42240
/Users/emiliaknyazeva/Desktop/whisper/data/raw/openstt/asr_calls_2_val/c/13/d985e94d5ac3.wav,0.4,16000,1,2,6400
/Users/emiliaknyazeva/Desktop/whisper/data/raw/openstt/asr_calls_2_val/c/52/40ff5f742711.wav,2.16,16000,1,2,34560
/Users/emiliaknyazeva/Desktop/whisper/data/raw/openstt/asr_calls_2_val/6/5c/38a9f603d6e5.wav,2.21,16000,1,2,35360
/Users/emiliaknyazeva/Desktop/whisper/data/raw/openstt/asr_calls_2_val/a/df/38fd608f987d.wav,0.89,16000,1,2,14240
/Users/emiliaknyazeva/Desktop/whisper/data/raw/openstt/asr_calls_2_val/9/f1/d95074f2555a.wav,4.17,16000,1,2,66720
/Users/emiliaknyazeva/Desktop/whisper/data/raw/openstt/asr_calls_2_val/2/4f/75531da12f8d.wav,2.67,16000,1,2,42720
/Users/emiliaknyazeva/Desktop/whisper/data/raw/openstt/asr_calls_2_val/3/49/e32e966b1e84.wav,1.13,16000,1,2,18080
/Users/emiliaknyazeva/Desktop/whisper/data/raw/openstt/asr_calls_2_val/5/95/96c138fde87b.wav,2.42,16000,1,2,38720
/Users/emiliaknyazeva/Desktop/whisper/data/raw/openstt/asr_calls_2_val/7/8f/57918806b380.wav,3.05,16000,1,2,48800
/Users/emiliaknyazeva/Desktop/whisper/data/raw/openstt/asr_calls_2_val/a/fa/6f24fbb8f65b.wav,4.18,16000,1,2,66880
/Users/emiliaknyazeva/Desktop/whisper/data/raw/openstt/asr_calls_2_val/a/ed/0f2a7b5129a2.wav,1.88,16000,1,2,30080
/Users/emiliaknyazeva/Desktop/whisper/data/raw/openstt/asr_calls_2_val/9/76/53da3cdc9b6f.wav,1.22,16000,1,2,19520
/Users/emiliaknyazeva/Desktop/whisper/data/raw/openstt/asr_calls_2_val/b/40/16eb14993fb4.wav,0.64,16000,1,2,10240
/Users/emiliaknyazeva/Desktop/whisper/data/raw/openstt/asr_calls_2_val/0/22/c908a53a4307.wav,3.56,16000,1,2,56960
/Users/emiliaknyazeva/Desktop/whisper/data/raw/openstt/asr_calls_2_val/3/34/cfd21b675403.wav,1.01,16000,1,2,16160
/Users/emiliaknyazeva/Desktop/whisper/data/raw/openstt/asr_calls_2_val/9/2a/58394d8ed0bc.wav,2.4,16000,1,2,38400
/Users/emiliaknyazeva/Desktop/whisper/data/raw/openstt/asr_calls_2_val/a/11/5db8107385c6.wav,1.75,16000,1,2,28000
/Users/emiliaknyazeva/Desktop/whisper/data/raw/openstt/asr_calls_2_val/5/de/2692e157a910.wav,14.05,16000,1,2,224800
/Users/emiliaknyazeva/Desktop/whisper/data/raw/openstt/asr_calls_2_val/4/ca/6318b97515e5.wav,5.72,16000,1,2,91520
/Users/emiliaknyazeva/Desktop/whisper/data/raw/openstt/asr_calls_2_val/5/fb/7965b4e196e2.wav,1.38,16000,1,2,22080
/Users/emiliaknyazeva/Desktop/whisper/data/raw/openstt/asr_calls_2_val/5/50/62646a2e4998.wav,2.39,16000,1,2,38240
/Users/emiliaknyazeva/Desktop/whisper/data/raw/openstt/asr_calls_2_val/0/82/33c15e88cb6b.wav,1.98,16000,1,2,31680
/Users/emiliaknyazeva/Desktop/whisper/data/raw/openstt/asr_calls_2_val/8/39/00d804a561f8.wav,1.25,16000,1,2,20000
/Users/emiliaknyazeva/Desktop/whisper/data/raw/openstt/asr_calls_2_val/0/7b/bd20c9573e3a.wav,2.33,16000,1,2,37280
/Users/emiliaknyazeva/Desktop/whisper/data/raw/openstt/asr_calls_2_val/0/d3/659e7661ffc3.wav,1.86,16000,1,2,29760
/Users/emiliaknyazeva/Desktop/whisper/data/raw/openstt/asr_calls_2_val/1/f3/0dfe9cff22c7.wav,1.04,16000,1,2,16640
/Users/emiliaknyazeva/Desktop/whisper/data/raw/openstt/asr_calls_2_val/e/cb/f327b840f422.wav,6.86,16000,1,2,109760
/Users/emiliaknyazeva/Desktop/whisper/data/raw/openstt/asr_calls_2_val/f/6b/cc04a258ae07.wav,1.18,16000,1,2,18880
/Users/emiliaknyazeva/Desktop/whisper/data/raw/openstt/asr_calls_2_val/8/2e/372a5ead47d3.wav,1.89,16000,1,2,30240
/Users/emiliaknyazeva/Desktop/whisper/data/raw/openstt/asr_calls_2_val/b/cf/10e1ce07b5e1.wav,0.66,16000,1,2,10560
/Users/emiliaknyazeva/Desktop/whisper/data/raw/openstt/asr_calls_2_val/2/78/3e9355dd22a1.wav,2.37,16000,1,2,37920
/Users/emiliaknyazeva/Desktop/whisper/data/raw/openstt/asr_calls_2_val/2/35/6bb9f0c592c9.wav,3.33,16000,1,2,53280
/Users/emiliaknyazeva/Desktop/whisper/data/raw/openstt/asr_calls_2_val/f/df/07605ec2bd8e.wav,1.82,16000,1,2,29120
/Users/emiliaknyazeva/Desktop/whisper/data/raw/openstt/asr_calls_2_val/9/5f/eff7d9b345c5.wav,1.92,16000,1,2,30720
/Users/emiliaknyazeva/Desktop/whisper/data/raw/openstt/asr_calls_2_val/f/e9/9766fcac9185.wav,1.99,16000,1,2,31840
/Users/emiliaknyazeva/Desktop/whisper/data/raw/openstt/asr_calls_2_val/7/fc/496ad9b949c1.wav,2.82,16000,1,2,45120
/Users/emiliaknyazeva/Desktop/whisper/data/raw/openstt/asr_calls_2_val/a/43/7b98c3343650.wav,1.32,16000,1,2,21120
/Users/emiliaknyazeva/Desktop/whisper/data/raw/openstt/asr_calls_2_val/9/2a/edab1bc9ec49.wav,0.73,16000,1,2,11680
/Users/emiliaknyazeva/Desktop/whisper/data/raw/openstt/asr_calls_2_val/1/b0/18a089cad61e.wav,2.15,16000,1,2,34400
/Users/emiliaknyazeva/Desktop/whisper/data/raw/openstt/asr_calls_2_val/a/f3/c8e22b1fd97b.wav,2.1,16000,1,2,33600
/Users/emiliaknyazeva/Desktop/whisper/data/raw/openstt/asr_calls_2_val/0/d7/eddb7db7f380.wav,0.6,16000,1,2,9600
/Users/emiliaknyazeva/Desktop/whisper/data/raw/openstt/asr_calls_2_val/9/79/4ab3ef899321.wav,1.45,16000,1,2,23200
/Users/emiliaknyazeva/Desktop/whisper/data/raw/openstt/asr_calls_2_val/a/04/322c37e36137.wav,1.53,16000,1,2,24480
/Users/emiliaknyazeva/Desktop/whisper/data/raw/openstt/asr_calls_2_val/b/84/85a7ae664e38.wav,3.01,16000,1,2,48160
/Users/emiliaknyazeva/Desktop/whisper/data/raw/openstt/asr_calls_2_val/c/87/6e40162eda94.wav,2.4,16000,1,2,38400
/Users/emiliaknyazeva/Desktop/whisper/data/raw/openstt/asr_calls_2_val/3/85/2c67920cb59d.wav,1.77,16000,1,2,28320
/Users/emiliaknyazeva/Desktop/whisper/data/raw/openstt/asr_calls_2_val/3/2d/2010e4dcc021.wav,2.08,16000,1,2,33280
/Users/emiliaknyazeva/Desktop/whisper/data/raw/openstt/asr_calls_2_val/1/7b/cc37ce0ab513.wav,1.65,16000,1,2,26400
/Users/emiliaknyazeva/Desktop/whisper/data/raw/openstt/asr_calls_2_val/0/29/1e6b38afa18f.wav,3.05,16000,1,2,48800
/Users/emiliaknyazeva/Desktop/whisper/data/raw/openstt/asr_calls_2_val/2/57/1f7dcf98fe2e.wav,1.7,16000,1,2,27200
/Users/emiliaknyazeva/Desktop/whisper/data/raw/openstt/asr_calls_2_val/1/66/21ed9378b277.wav,0.71,16000,1,2,11360
/Users/emiliaknyazeva/Desktop/whisper/data/raw/openstt/asr_calls_2_val/1/15/d909fcdb7478.wav,4.52,16000,1,2,72320
/Users/emiliaknyazeva/Desktop/whisper/data/raw/openstt/asr_calls_2_val/1/ce/c890f7d98194.wav,2.57,16000,1,2,41120
/Users/emiliaknyazeva/Desktop/whisper/data/raw/openstt/asr_calls_2_val/9/49/ae1721e60625.wav,2.66,16000,1,2,42560
/Users/emiliaknyazeva/Desktop/whisper/data/raw/openstt/asr_calls_2_val/7/f6/33c0cce9bdcb.wav,2.21,16000,1,2,35360
/Users/emiliaknyazeva/Desktop/whisper/data/raw/openstt/asr_calls_2_val/6/29/afee45604a0d.wav,2.25,16000,1,2,36000
/Users/emiliaknyazeva/Desktop/whisper/data/raw/openstt/asr_calls_2_val/d/6e/6063bf70875a.wav,2.8,16000,1,2,44800
/Users/emiliaknyazeva/Desktop/whisper/data/raw/openstt/asr_calls_2_val/4/f3/1dcd172592df.wav,2.11,16000,1,2,33760
/Users/emiliaknyazeva/Desktop/whisper/data/raw/openstt/asr_calls_2_val/a/45/cd86c6bc3f93.wav,1.1,16000,1,2,17600
/Users/emiliaknyazeva/Desktop/whisper/data/raw/openstt/asr_calls_2_val/3/62/6c26f1edcaaa.wav,1.94,16000,1,2,31040
/Users/emiliaknyazeva/Desktop/whisper/data/raw/openstt/asr_calls_2_val/1/85/81c5b7f96cf9.wav,1.65,16000,1,2,26400
/Users/emiliaknyazeva/Desktop/whisper/data/raw/openstt/asr_calls_2_val/e/d7/b0c497837e19.wav,2.35,16000,1,2,37600
/Users/emiliaknyazeva/Desktop/whisper/data/raw/openstt/asr_calls_2_val/f/31/b88550fb606a.wav,1.18,16000,1,2,18880
/Users/emiliaknyazeva/Desktop/whisper/data/raw/openstt/asr_calls_2_val/f/13/6337a810ef6a.wav,1.85,16000,1,2,29600
/Users/emiliaknyazeva/Desktop/whisper/data/raw/openstt/asr_calls_2_val/f/27/de63e0d12634.wav,2.19,16000,1,2,35040
/Users/emiliaknyazeva/Desktop/whisper/data/raw/openstt/asr_calls_2_val/0/7b/84ff1f6190aa.wav,0.69,16000,1,2,11040
/Users/emiliaknyazeva/Desktop/whisper/data/raw/openstt/asr_calls_2_val/0/a6/653e7706acbe.wav,7.48,16000,1,2,119680
/Users/emiliaknyazeva/Desktop/whisper/data/raw/openstt/asr_calls_2_val/3/0a/1bb4332ffe9b.wav,1.09,16000,1,2,17440
/Users/emiliaknyazeva/Desktop/whisper/data/raw/openstt/asr_calls_2_val/7/4e/3529cd39a595.wav,3.39,16000,1,2,54240
/Users/emiliaknyazeva/Desktop/whisper/data/raw/openstt/asr_calls_2_val/7/27/ea2ded5e0d34.wav,1.95,16000,1,2,31200
/Users/emiliaknyazeva/Desktop/whisper/data/raw/openstt/asr_calls_2_val/9/14/fbf971acdf4d.wav,5.36,16000,1,2,85760
/Users/emiliaknyazeva/Desktop/whisper/data/raw/openstt/asr_calls_2_val/7/4c/e04a3738f246.wav,2.36,16000,1,2,37760
/Users/emiliaknyazeva/Desktop/whisper/data/raw/openstt/asr_calls_2_val/9/2d/f547f83f61cb.wav,1.38,16000,1,2,22080
/Users/emiliaknyazeva/Desktop/whisper/data/raw/openstt/asr_calls_2_val/4/83/41b27df38f03.wav,1.89,16000,1,2,30240
/Users/emiliaknyazeva/Desktop/whisper/data/raw/openstt/asr_calls_2_val/0/eb/067889ca9d88.wav,2.45,16000,1,2,39200
/Users/emiliaknyazeva/Desktop/whisper/data/raw/openstt/asr_calls_2_val/4/a6/284ce6af4eec.wav,1.4,16000,1,2,22400
/Users/emiliaknyazeva/Desktop/whisper/data/raw/openstt/asr_calls_2_val/5/07/059428872f42.wav,1.37,16000,1,2,21920
/Users/emiliaknyazeva/Desktop/whisper/data/raw/openstt/asr_calls_2_val/a/44/ddc1fd822c18.wav,1.99,16000,1,2,31840
/Users/emiliaknyazeva/Desktop/whisper/data/raw/openstt/asr_calls_2_val/2/c3/049790c23268.wav,1.22,16000,1,2,19520
/Users/emiliaknyazeva/Desktop/whisper/data/raw/openstt/asr_calls_2_val/2/a1/cd9e2e53571f.wav,1.29,16000,1,2,20640
/Users/emiliaknyazeva/Desktop/whisper/data/raw/openstt/asr_calls_2_val/9/8a/e0741460fa7a.wav,0.92,16000,1,2,14720
/Users/emiliaknyazeva/Desktop/whisper/data/raw/openstt/asr_calls_2_val/6/fe/c5cfc126acd1.wav,2.15,16000,1,2,34400
/Users/emiliaknyazeva/Desktop/whisper/data/raw/openstt/asr_calls_2_val/1/e0/c51d93c964bf.wav,3.52,16000,1,2,56320
/Users/emiliaknyazeva/Desktop/whisper/data/raw/openstt/asr_calls_2_val/e/42/108c062c490c.wav,1.11,16000,1,2,17760
/Users/emiliaknyazeva/Desktop/whisper/data/raw/openstt/asr_calls_2_val/2/a4/b85b33332426.wav,1.96,16000,1,2,31360
/Users/emiliaknyazeva/Desktop/whisper/data/raw/openstt/asr_calls_2_val/1/56/f9d1c963cba2.wav,1.15,16000,1,2,18400
/Users/emiliaknyazeva/Desktop/whisper/data/raw/openstt/asr_calls_2_val/1/17/b7d09fecc0e8.wav,0.87,16000,1,2,13920
/Users/emiliaknyazeva/Desktop/whisper/data/raw/openstt/asr_calls_2_val/0/41/101acde1bb08.wav,2.63,16000,1,2,42080
/Users/emiliaknyazeva/Desktop/whisper/data/raw/openstt/asr_calls_2_val/9/28/17b6ec0e29f1.wav,2.05,16000,1,2,32800
/Users/emiliaknyazeva/Desktop/whisper/data/raw/openstt/asr_calls_2_val/4/e2/9782121d2257.wav,1.84,16000,1,2,29440
/Users/emiliaknyazeva/Desktop/whisper/data/raw/openstt/asr_calls_2_val/3/58/cbfc5330f95f.wav,7.15,16000,1,2,114400
/Users/emiliaknyazeva/Desktop/whisper/data/raw/openstt/asr_calls_2_val/5/ef/e0fb16905be4.wav,2.61,16000,1,2,41760
/Users/emiliaknyazeva/Desktop/whisper/data/raw/openstt/asr_calls_2_val/0/f1/48d22344a1a3.wav,3.05,16000,1,2,48800
/Users/emiliaknyazeva/Desktop/whisper/data/raw/openstt/asr_calls_2_val/e/cf/0b05c9c85bc4.wav,1.35,16000,1,2,21600
/Users/emiliaknyazeva/Desktop/whisper/data/raw/openstt/asr_calls_2_val/4/34/fd63caf72c2e.wav,1.07,16000,1,2,17120
/Users/emiliaknyazeva/Desktop/whisper/data/raw/openstt/asr_calls_2_val/e/85/0fd59327421a.wav,1.37,16000,1,2,21920
/Users/emiliaknyazeva/Desktop/whisper/data/raw/openstt/asr_calls_2_val/1/7f/95513d871891.wav,0.94,16000,1,2,15040
/Users/emiliaknyazeva/Desktop/whisper/data/raw/openstt/asr_calls_2_val/1/98/508e8dc7fbbd.wav,3.45,16000,1,2,55200
/Users/emiliaknyazeva/Desktop/whisper/data/raw/openstt/asr_calls_2_val/5/b3/2fdb76629b11.wav,5.6,16000,1,2,89600
/Users/emiliaknyazeva/Desktop/whisper/data/raw/openstt/asr_calls_2_val/3/53/f61c050f30cf.wav,1.3,16000,1,2,20800
/Users/emiliaknyazeva/Desktop/whisper/data/raw/openstt/asr_calls_2_val/7/8c/86048160a61e.wav,7.27,16000,1,2,116320
/Users/emiliaknyazeva/Desktop/whisper/data/raw/openstt/asr_calls_2_val/c/e1/824bdf88f90a.wav,0.85,16000,1,2,13600
/Users/emiliaknyazeva/Desktop/whisper/data/raw/openstt/asr_calls_2_val/8/f2/3ae0cdd838ba.wav,1.71,16000,1,2,27360
/Users/emiliaknyazeva/Desktop/whisper/data/raw/openstt/asr_calls_2_val/3/6f/fed8e21a46be.wav,1.62,16000,1,2,25920
/Users/emiliaknyazeva/Desktop/whisper/data/raw/openstt/asr_calls_2_val/2/6f/a77a70041f06.wav,1.11,16000,1,2,17760
/Users/emiliaknyazeva/Desktop/whisper/data/raw/openstt/asr_calls_2_val/2/c8/6a23f1c6a758.wav,1.59,16000,1,2,25440
/Users/emiliaknyazeva/Desktop/whisper/data/raw/openstt/asr_calls_2_val/1/61/86d11d8aab33.wav,0.63,16000,1,2,10080
/Users/emiliaknyazeva/Desktop/whisper/data/raw/openstt/asr_calls_2_val/8/f6/f6a19cf4f453.wav,0.41,16000,1,2,6560
/Users/emiliaknyazeva/Desktop/whisper/data/raw/openstt/asr_calls_2_val/e/1e/853b30250560.wav,1.07,16000,1,2,17120
/Users/emiliaknyazeva/Desktop/whisper/data/raw/openstt/asr_calls_2_val/a/d1/640bd00c7bbc.wav,1.89,16000,1,2,30240
/Users/emiliaknyazeva/Desktop/whisper/data/raw/openstt/asr_calls_2_val/2/9b/939e8ebf353b.wav,1.98,16000,1,2,31680
/Users/emiliaknyazeva/Desktop/whisper/data/raw/openstt/asr_calls_2_val/6/5b/f2b889e8ab51.wav,1.91,16000,1,2,30560
/Users/emiliaknyazeva/Desktop/whisper/data/raw/openstt/asr_calls_2_val/8/75/8508bb1ed9c1.wav,0.46,16000,1,2,7360
/Users/emiliaknyazeva/Desktop/whisper/data/raw/openstt/asr_calls_2_val/a/6f/8c09c12dc2b3.wav,1.35,16000,1,2,21600
/Users/emiliaknyazeva/Desktop/whisper/data/raw/openstt/asr_calls_2_val/a/da/ab12582299b3.wav,1.34,16000,1,2,21440
/Users/emiliaknyazeva/Desktop/whisper/data/raw/openstt/asr_calls_2_val/0/5d/b54ad2a97def.wav,2.9,16000,1,2,46400
/Users/emiliaknyazeva/Desktop/whisper/data/raw/openstt/asr_calls_2_val/3/be/18f484ab0760.wav,0.81,16000,1,2,12960
/Users/emiliaknyazeva/Desktop/whisper/data/raw/openstt/asr_calls_2_val/9/38/614ea39b0dea.wav,2.41,16000,1,2,38560
/Users/emiliaknyazeva/Desktop/whisper/data/raw/openstt/asr_calls_2_val/7/fb/eed3f1f81cee.wav,2.39,16000,1,2,38240
/Users/emiliaknyazeva/Desktop/whisper/data/raw/openstt/asr_calls_2_val/d/25/8551bdca7fb0.wav,1.39,16000,1,2,22240
/Users/emiliaknyazeva/Desktop/whisper/data/raw/openstt/asr_calls_2_val/3/7d/2a77063901d7.wav,2.07,16000,1,2,33120
/Users/emiliaknyazeva/Desktop/whisper/data/raw/openstt/asr_calls_2_val/b/a5/452efe857e22.wav,5.45,16000,1,2,87200
/Users/emiliaknyazeva/Desktop/whisper/data/raw/openstt/asr_calls_2_val/2/f1/cbbb21ff3768.wav,2.1,16000,1,2,33600
/Users/emiliaknyazeva/Desktop/whisper/data/raw/openstt/asr_calls_2_val/0/5c/bf4664367aaf.wav,1.12,16000,1,2,17920
/Users/emiliaknyazeva/Desktop/whisper/data/raw/openstt/asr_calls_2_val/d/88/2de4dbfedfee.wav,0.91,16000,1,2,14560
/Users/emiliaknyazeva/Desktop/whisper/data/raw/openstt/asr_calls_2_val/2/e0/04849f9a2e8f.wav,6.18,16000,1,2,98880
/Users/emiliaknyazeva/Desktop/whisper/data/raw/openstt/asr_calls_2_val/2/49/c3d6e0fcde69.wav,1.1,16000,1,2,17600
/Users/emiliaknyazeva/Desktop/whisper/data/raw/openstt/asr_calls_2_val/8/3e/64d0ea975bd5.wav,2.21,16000,1,2,35360
/Users/emiliaknyazeva/Desktop/whisper/data/raw/openstt/asr_calls_2_val/0/80/b9cfd6b13129.wav,1.64,16000,1,2,26240
/Users/emiliaknyazeva/Desktop/whisper/data/raw/openstt/asr_calls_2_val/6/d5/e8b1e8828fea.wav,1.05,16000,1,2,16800
/Users/emiliaknyazeva/Desktop/whisper/data/raw/openstt/asr_calls_2_val/2/b9/aaa857ce3d5f.wav,0.46,16000,1,2,7360
/Users/emiliaknyazeva/Desktop/whisper/data/raw/openstt/asr_calls_2_val/8/c5/38dfc8a9c5e1.wav,0.69,16000,1,2,11040
/Users/emiliaknyazeva/Desktop/whisper/data/raw/openstt/asr_calls_2_val/1/84/e7d63dfef8df.wav,6.41,16000,1,2,102560
/Users/emiliaknyazeva/Desktop/whisper/data/raw/openstt/asr_calls_2_val/2/4b/d7f6c0c072c0.wav,0.96,16000,1,2,15360
/Users/emiliaknyazeva/Desktop/whisper/data/raw/openstt/asr_calls_2_val/e/ed/7e6278205ca7.wav,5.41,16000,1,2,86560
/Users/emiliaknyazeva/Desktop/whisper/data/raw/openstt/asr_calls_2_val/2/a7/1a1e2255cb49.wav,2.81,16000,1,2,44960
/Users/emiliaknyazeva/Desktop/whisper/data/raw/openstt/asr_calls_2_val/b/06/e236e74d6760.wav,1.44,16000,1,2,23040
/Users/emiliaknyazeva/Desktop/whisper/data/raw/openstt/asr_calls_2_val/9/6e/19a2c6f71916.wav,0.86,16000,1,2,13760
/Users/emiliaknyazeva/Desktop/whisper/data/raw/openstt/asr_calls_2_val/a/de/e6bbe942bf80.wav,1.37,16000,1,2,21920
/Users/emiliaknyazeva/Desktop/whisper/data/raw/openstt/asr_calls_2_val/2/9d/9264474cbfde.wav,1.05,16000,1,2,16800
/Users/emiliaknyazeva/Desktop/whisper/data/raw/openstt/asr_calls_2_val/0/92/ebb8246e004e.wav,1.9,16000,1,2,30400
/Users/emiliaknyazeva/Desktop/whisper/data/raw/openstt/asr_calls_2_val/8/d9/6a18382c150b.wav,1.68,16000,1,2,26880
/Users/emiliaknyazeva/Desktop/whisper/data/raw/openstt/asr_calls_2_val/f/39/7ad7690265f1.wav,1.89,16000,1,2,30240
/Users/emiliaknyazeva/Desktop/whisper/data/raw/openstt/asr_calls_2_val/d/bf/88fb8124bece.wav,0.87,16000,1,2,13920
/Users/emiliaknyazeva/Desktop/whisper/data/raw/openstt/asr_calls_2_val/6/e6/e97af9cabc10.wav,2.15,16000,1,2,34400
/Users/emiliaknyazeva/Desktop/whisper/data/raw/openstt/asr_calls_2_val/7/28/cc620315c8d6.wav,0.58,16000,1,2,9280
/Users/emiliaknyazeva/Desktop/whisper/data/raw/openstt/asr_calls_2_val/b/cf/2b5c59a1c015.wav,2.58,16000,1,2,41280
/Users/emiliaknyazeva/Desktop/whisper/data/raw/openstt/asr_calls_2_val/e/f8/df851a82945b.wav,2.28,16000,1,2,36480
/Users/emiliaknyazeva/Desktop/whisper/data/raw/openstt/asr_calls_2_val/2/4d/5ea081ba2cb6.wav,2.29,16000,1,2,36640
/Users/emiliaknyazeva/Desktop/whisper/data/raw/openstt/asr_calls_2_val/9/0d/45a20deccf4f.wav,3.92,16000,1,2,62720
/Users/emiliaknyazeva/Desktop/whisper/data/raw/openstt/asr_calls_2_val/a/d9/c794007decd1.wav,1.67,16000,1,2,26720
/Users/emiliaknyazeva/Desktop/whisper/data/raw/openstt/asr_calls_2_val/5/44/a7c73cc97c22.wav,2.27,16000,1,2,36320
/Users/emiliaknyazeva/Desktop/whisper/data/raw/openstt/asr_calls_2_val/1/43/04e8b3c7a862.wav,1.17,16000,1,2,18720
/Users/emiliaknyazeva/Desktop/whisper/data/raw/openstt/asr_calls_2_val/e/a2/03618afbff7d.wav,1.05,16000,1,2,16800
/Users/emiliaknyazeva/Desktop/whisper/data/raw/openstt/asr_calls_2_val/1/ec/f91dad77c905.wav,0.52,16000,1,2,8320
/Users/emiliaknyazeva/Desktop/whisper/data/raw/openstt/asr_calls_2_val/6/33/ab718c0ddbd8.wav,1.24,16000,1,2,19840
/Users/emiliaknyazeva/Desktop/whisper/data/raw/openstt/asr_calls_2_val/9/23/c201901416cd.wav,9.29,16000,1,2,148640
/Users/emiliaknyazeva/Desktop/whisper/data/raw/openstt/asr_calls_2_val/c/1b/5f75dcf58eca.wav,2.34,16000,1,2,37440
/Users/emiliaknyazeva/Desktop/whisper/data/raw/openstt/asr_calls_2_val/5/79/12702a0153c2.wav,0.59,16000,1,2,9440
/Users/emiliaknyazeva/Desktop/whisper/data/raw/openstt/asr_calls_2_val/b/60/d4850201ad7f.wav,1.57,16000,1,2,25120
/Users/emiliaknyazeva/Desktop/whisper/data/raw/openstt/asr_calls_2_val/e/70/abd854c2719e.wav,2.59,16000,1,2,41440
/Users/emiliaknyazeva/Desktop/whisper/data/raw/openstt/asr_calls_2_val/e/f8/0bfe6f98ee8a.wav,1.37,16000,1,2,21920
/Users/emiliaknyazeva/Desktop/whisper/data/raw/openstt/asr_calls_2_val/b/93/2d0f2f3355d9.wav,1.89,16000,1,2,30240
/Users/emiliaknyazeva/Desktop/whisper/data/raw/openstt/asr_calls_2_val/0/29/d15ce6398b00.wav,1.39,16000,1,2,22240
/Users/emiliaknyazeva/Desktop/whisper/data/raw/openstt/asr_calls_2_val/c/f3/c2eeb6d1b4b5.wav,1.85,16000,1,2,29600
/Users/emiliaknyazeva/Desktop/whisper/data/raw/openstt/asr_calls_2_val/7/82/07ca06d86a6a.wav,1.89,16000,1,2,30240
/Users/emiliaknyazeva/Desktop/whisper/data/raw/openstt/asr_calls_2_val/8/79/61218c63d178.wav,4.32,16000,1,2,69120
/Users/emiliaknyazeva/Desktop/whisper/data/raw/openstt/asr_calls_2_val/d/32/e0023e341e25.wav,0.74,16000,1,2,11840
/Users/emiliaknyazeva/Desktop/whisper/data/raw/openstt/asr_calls_2_val/9/8c/48112a8d9e67.wav,2.8,16000,1,2,44800
/Users/emiliaknyazeva/Desktop/whisper/data/raw/openstt/asr_calls_2_val/0/74/964cfd7acf31.wav,0.67,16000,1,2,10720
/Users/emiliaknyazeva/Desktop/whisper/data/raw/openstt/asr_calls_2_val/b/2e/9bc9a970f5e2.wav,1.2,16000,1,2,19200
/Users/emiliaknyazeva/Desktop/whisper/data/raw/openstt/asr_calls_2_val/3/d1/5068c7260d7e.wav,1.7,16000,1,2,27200
/Users/emiliaknyazeva/Desktop/whisper/data/raw/openstt/asr_calls_2_val/f/70/fd12ef40816c.wav,2.22,16000,1,2,35520
/Users/emiliaknyazeva/Desktop/whisper/data/raw/openstt/asr_calls_2_val/f/61/c7c12a323322.wav,2.75,16000,1,2,44000
/Users/emiliaknyazeva/Desktop/whisper/data/raw/openstt/asr_calls_2_val/6/65/84826042b77c.wav,1.62,16000,1,2,25920
/Users/emiliaknyazeva/Desktop/whisper/data/raw/openstt/asr_calls_2_val/9/b7/1618acf9cb71.wav,0.8,16000,1,2,12800
/Users/emiliaknyazeva/Desktop/whisper/data/raw/openstt/asr_calls_2_val/d/27/d9b4eaf9a2a9.wav,1.55,16000,1,2,24800
/Users/emiliaknyazeva/Desktop/whisper/data/raw/openstt/asr_calls_2_val/a/47/76b4dfd9db6b.wav,0.73,16000,1,2,11680
/Users/emiliaknyazeva/Desktop/whisper/data/raw/openstt/asr_calls_2_val/5/ef/2a7783bd95e2.wav,1.92,16000,1,2,30720
/Users/emiliaknyazeva/Desktop/whisper/data/raw/openstt/asr_calls_2_val/c/34/f4b5332cf756.wav,1.0,16000,1,2,16000
/Users/emiliaknyazeva/Desktop/whisper/data/raw/openstt/asr_calls_2_val/d/e9/4752fb75b8e7.wav,2.33,16000,1,2,37280
/Users/emiliaknyazeva/Desktop/whisper/data/raw/openstt/asr_calls_2_val/7/f2/70d5baeab6cc.wav,1.37,16000,1,2,21920
/Users/emiliaknyazeva/Desktop/whisper/data/raw/openstt/asr_calls_2_val/5/da/cbb7bf48ba3f.wav,2.59,16000,1,2,41440
/Users/emiliaknyazeva/Desktop/whisper/data/raw/openstt/asr_calls_2_val/f/10/859c3bf8b716.wav,0.94,16000,1,2,15040
/Users/emiliaknyazeva/Desktop/whisper/data/raw/openstt/asr_calls_2_val/b/c3/79fe7660201d.wav,3.29,16000,1,2,52640
/Users/emiliaknyazeva/Desktop/whisper/data/raw/openstt/asr_calls_2_val/2/0c/88e9465b5931.wav,0.86,16000,1,2,13760
/Users/emiliaknyazeva/Desktop/whisper/data/raw/openstt/asr_calls_2_val/e/dc/ee91f692a968.wav,2.57,16000,1,2,41120
/Users/emiliaknyazeva/Desktop/whisper/data/raw/openstt/asr_calls_2_val/0/e9/0d741223315d.wav,1.54,16000,1,2,24640
/Users/emiliaknyazeva/Desktop/whisper/data/raw/openstt/asr_calls_2_val/6/2e/2c47e291a47d.wav,1.16,16000,1,2,18560
/Users/emiliaknyazeva/Desktop/whisper/data/raw/openstt/asr_calls_2_val/8/4f/85336d018f81.wav,1.04,16000,1,2,16640
/Users/emiliaknyazeva/Desktop/whisper/data/raw/openstt/asr_calls_2_val/f/9c/6370bdec3359.wav,1.12,16000,1,2,17920
/Users/emiliaknyazeva/Desktop/whisper/data/raw/openstt/asr_calls_2_val/7/9c/d4e81a384ab9.wav,1.59,16000,1,2,25440
/Users/emiliaknyazeva/Desktop/whisper/data/raw/openstt/asr_calls_2_val/d/06/a36615666750.wav,0.49,16000,1,2,7840
/Users/emiliaknyazeva/Desktop/whisper/data/raw/openstt/asr_calls_2_val/5/c0/a9540d00caf9.wav,1.45,16000,1,2,23200
/Users/emiliaknyazeva/Desktop/whisper/data/raw/openstt/asr_calls_2_val/9/19/3a31122de555.wav,1.29,16000,1,2,20640
/Users/emiliaknyazeva/Desktop/whisper/data/raw/openstt/asr_calls_2_val/8/d0/4730b82f0c23.wav,1.18,16000,1,2,18880
/Users/emiliaknyazeva/Desktop/whisper/data/raw/openstt/asr_calls_2_val/2/b5/196686ad8d6b.wav,0.69,16000,1,2,11040
/Users/emiliaknyazeva/Desktop/whisper/data/raw/openstt/asr_calls_2_val/1/3e/09f9d6701062.wav,0.71,16000,1,2,11360
/Users/emiliaknyazeva/Desktop/whisper/data/raw/openstt/asr_calls_2_val/e/f4/41eab3f6000a.wav,1.97,16000,1,2,31520
/Users/emiliaknyazeva/Desktop/whisper/data/raw/openstt/asr_calls_2_val/7/98/984a14bb7955.wav,9.47,16000,1,2,151520
/Users/emiliaknyazeva/Desktop/whisper/data/raw/openstt/asr_calls_2_val/c/de/99bf668514d7.wav,1.13,16000,1,2,18080
/Users/emiliaknyazeva/Desktop/whisper/data/raw/openstt/asr_calls_2_val/3/93/6586acfa758f.wav,1.39,16000,1,2,22240
/Users/emiliaknyazeva/Desktop/whisper/data/raw/openstt/asr_calls_2_val/2/22/7f19738a6748.wav,0.71,16000,1,2,11360
/Users/emiliaknyazeva/Desktop/whisper/data/raw/openstt/asr_calls_2_val/1/0a/154bb640da1f.wav,1.01,16000,1,2,16160
/Users/emiliaknyazeva/Desktop/whisper/data/raw/openstt/asr_calls_2_val/1/4f/28eff1d1266f.wav,3.35,16000,1,2,53600
/Users/emiliaknyazeva/Desktop/whisper/data/raw/openstt/asr_calls_2_val/7/3a/9077349c42c2.wav,1.44,16000,1,2,23040
/Users/emiliaknyazeva/Desktop/whisper/data/raw/openstt/asr_calls_2_val/a/28/2f3f0638aa9a.wav,1.91,16000,1,2,30560
/Users/emiliaknyazeva/Desktop/whisper/data/raw/openstt/asr_calls_2_val/6/8b/d3adee7559e6.wav,5.32,16000,1,2,85120
/Users/emiliaknyazeva/Desktop/whisper/data/raw/openstt/asr_calls_2_val/0/25/e13c68cc9dcd.wav,1.11,16000,1,2,17760
/Users/emiliaknyazeva/Desktop/whisper/data/raw/openstt/asr_calls_2_val/d/60/4f44cc65e2f5.wav,1.06,16000,1,2,16960
/Users/emiliaknyazeva/Desktop/whisper/data/raw/openstt/asr_calls_2_val/a/34/fb1b7f859f78.wav,0.7,16000,1,2,11200
/Users/emiliaknyazeva/Desktop/whisper/data/raw/openstt/asr_calls_2_val/1/d9/603e33b89833.wav,2.43,16000,1,2,38880
/Users/emiliaknyazeva/Desktop/whisper/data/raw/openstt/asr_calls_2_val/5/1a/ec495ca19137.wav,1.21,16000,1,2,19360
/Users/emiliaknyazeva/Desktop/whisper/data/raw/openstt/asr_calls_2_val/5/a8/a5bdbebef31f.wav,4.06,16000,1,2,64960
/Users/emiliaknyazeva/Desktop/whisper/data/raw/openstt/asr_calls_2_val/b/cc/959e78c20c14.wav,1.7,16000,1,2,27200
/Users/emiliaknyazeva/Desktop/whisper/data/raw/openstt/asr_calls_2_val/3/45/b3ad6584c1ee.wav,0.94,16000,1,2,15040
/Users/emiliaknyazeva/Desktop/whisper/data/raw/openstt/asr_calls_2_val/d/22/3314015ddd7a.wav,0.87,16000,1,2,13920
/Users/emiliaknyazeva/Desktop/whisper/data/raw/openstt/asr_calls_2_val/4/22/02331700f6d8.wav,1.27,16000,1,2,20320
/Users/emiliaknyazeva/Desktop/whisper/data/raw/openstt/asr_calls_2_val/4/34/ce3f8a00bee6.wav,2.37,16000,1,2,37920
/Users/emiliaknyazeva/Desktop/whisper/data/raw/openstt/asr_calls_2_val/7/10/9726f7516363.wav,1.69,16000,1,2,27040
/Users/emiliaknyazeva/Desktop/whisper/data/raw/openstt/asr_calls_2_val/5/54/180d6e660cf2.wav,2.36,16000,1,2,37760
/Users/emiliaknyazeva/Desktop/whisper/data/raw/openstt/asr_calls_2_val/2/c7/aed412bf06a0.wav,1.08,16000,1,2,17280
/Users/emiliaknyazeva/Desktop/whisper/data/raw/openstt/asr_calls_2_val/6/d3/88d601a30ada.wav,0.92,16000,1,2,14720
/Users/emiliaknyazeva/Desktop/whisper/data/raw/openstt/asr_calls_2_val/c/0f/3bd893a1e08c.wav,2.17,16000,1,2,34720
/Users/emiliaknyazeva/Desktop/whisper/data/raw/openstt/asr_calls_2_val/b/ca/f00e9331be1a.wav,0.62,16000,1,2,9920
/Users/emiliaknyazeva/Desktop/whisper/data/raw/openstt/asr_calls_2_val/4/e3/c5bac909a453.wav,1.22,16000,1,2,19520
/Users/emiliaknyazeva/Desktop/whisper/data/raw/openstt/asr_calls_2_val/5/ae/0495881aaffd.wav,2.36,16000,1,2,37760
/Users/emiliaknyazeva/Desktop/whisper/data/raw/openstt/asr_calls_2_val/9/5e/100413212f45.wav,3.38,16000,1,2,54080
/Users/emiliaknyazeva/Desktop/whisper/data/raw/openstt/asr_calls_2_val/b/ff/73f44d20c3e1.wav,1.12,16000,1,2,17920
/Users/emiliaknyazeva/Desktop/whisper/data/raw/openstt/asr_calls_2_val/6/11/06af23a77a41.wav,1.01,16000,1,2,16160
/Users/emiliaknyazeva/Desktop/whisper/data/raw/openstt/asr_calls_2_val/3/3e/ff495afb6ff5.wav,1.64,16000,1,2,26240
/Users/emiliaknyazeva/Desktop/whisper/data/raw/openstt/asr_calls_2_val/c/ea/1060481d2167.wav,0.44,16000,1,2,7040
/Users/emiliaknyazeva/Desktop/whisper/data/raw/openstt/asr_calls_2_val/9/e7/0b8a4ed8ecfa.wav,6.41,16000,1,2,102560
/Users/emiliaknyazeva/Desktop/whisper/data/raw/openstt/asr_calls_2_val/4/5b/5fd18ea29ae6.wav,2.0,16000,1,2,32000
/Users/emiliaknyazeva/Desktop/whisper/data/raw/openstt/asr_calls_2_val/d/89/72bbba465ab2.wav,0.73,16000,1,2,11680
/Users/emiliaknyazeva/Desktop/whisper/data/raw/openstt/asr_calls_2_val/f/9a/f6448635b21c.wav,1.15,16000,1,2,18400
/Users/emiliaknyazeva/Desktop/whisper/data/raw/openstt/asr_calls_2_val/c/b0/9587e0df3137.wav,3.34,16000,1,2,53440
/Users/emiliaknyazeva/Desktop/whisper/data/raw/openstt/asr_calls_2_val/5/8e/6221d00f705c.wav,3.05,16000,1,2,48800
/Users/emiliaknyazeva/Desktop/whisper/data/raw/openstt/asr_calls_2_val/6/fe/5ce809a33906.wav,3.51,16000,1,2,56160
/Users/emiliaknyazeva/Desktop/whisper/data/raw/openstt/asr_calls_2_val/4/b6/c7b4be5dc816.wav,2.58,16000,1,2,41280
/Users/emiliaknyazeva/Desktop/whisper/data/raw/openstt/asr_calls_2_val/b/4d/4549fac4375e.wav,1.63,16000,1,2,26080
/Users/emiliaknyazeva/Desktop/whisper/data/raw/openstt/asr_calls_2_val/5/32/3f2bfb99a7aa.wav,1.0,16000,1,2,16000
/Users/emiliaknyazeva/Desktop/whisper/data/raw/openstt/asr_calls_2_val/3/c0/e142f018d497.wav,1.6,16000,1,2,25600
/Users/emiliaknyazeva/Desktop/whisper/data/raw/openstt/asr_calls_2_val/6/d2/a145bf8f39f1.wav,1.2,16000,1,2,19200
/Users/emiliaknyazeva/Desktop/whisper/data/raw/openstt/asr_calls_2_val/2/e9/0b35a94d9870.wav,1.01,16000,1,2,16160
/Users/emiliaknyazeva/Desktop/whisper/data/raw/openstt/asr_calls_2_val/4/72/cd0680c3c26d.wav,2.79,16000,1,2,44640
/Users/emiliaknyazeva/Desktop/whisper/data/raw/openstt/asr_calls_2_val/8/7f/a997c805b157.wav,2.28,16000,1,2,36480
/Users/emiliaknyazeva/Desktop/whisper/data/raw/openstt/asr_calls_2_val/1/a4/7f821e588379.wav,1.66,16000,1,2,26560
/Users/emiliaknyazeva/Desktop/whisper/data/raw/openstt/asr_calls_2_val/4/c9/3cddc802b76a.wav,3.06,16000,1,2,48960
/Users/emiliaknyazeva/Desktop/whisper/data/raw/openstt/asr_calls_2_val/9/27/3995295736b8.wav,7.19,16000,1,2,115040
/Users/emiliaknyazeva/Desktop/whisper/data/raw/openstt/asr_calls_2_val/2/ad/60dd02e564bf.wav,5.96,16000,1,2,95360
/Users/emiliaknyazeva/Desktop/whisper/data/raw/openstt/asr_calls_2_val/8/64/31f3125eff2e.wav,1.39,16000,1,2,22240
/Users/emiliaknyazeva/Desktop/whisper/data/raw/openstt/asr_calls_2_val/e/3b/2de3491e1a82.wav,2.87,16000,1,2,45920
/Users/emiliaknyazeva/Desktop/whisper/data/raw/openstt/asr_calls_2_val/8/d5/efab27b1554b.wav,1.36,16000,1,2,21760
/Users/emiliaknyazeva/Desktop/whisper/data/raw/openstt/asr_calls_2_val/3/0f/70ceb2aaf9a3.wav,1.31,16000,1,2,20960
/Users/emiliaknyazeva/Desktop/whisper/data/raw/openstt/asr_calls_2_val/e/1f/4b5fc12603dd.wav,0.84,16000,1,2,13440
/Users/emiliaknyazeva/Desktop/whisper/data/raw/openstt/asr_calls_2_val/8/75/c3e8c3314e69.wav,1.54,16000,1,2,24640
/Users/emiliaknyazeva/Desktop/whisper/data/raw/openstt/asr_calls_2_val/1/97/d0612556ff09.wav,0.66,16000,1,2,10560
/Users/emiliaknyazeva/Desktop/whisper/data/raw/openstt/asr_calls_2_val/3/c6/bb73570bc272.wav,1.57,16000,1,2,25120
/Users/emiliaknyazeva/Desktop/whisper/data/raw/openstt/asr_calls_2_val/6/cb/5203c2c5ba70.wav,1.12,16000,1,2,17920
/Users/emiliaknyazeva/Desktop/whisper/data/raw/openstt/asr_calls_2_val/0/b7/edd7e035c69c.wav,2.14,16000,1,2,34240
/Users/emiliaknyazeva/Desktop/whisper/data/raw/openstt/asr_calls_2_val/5/9f/23cca8333ed6.wav,2.44,16000,1,2,39040
/Users/emiliaknyazeva/Desktop/whisper/data/raw/openstt/asr_calls_2_val/7/00/acc98a785a6c.wav,0.98,16000,1,2,15680
/Users/emiliaknyazeva/Desktop/whisper/data/raw/openstt/asr_calls_2_val/9/9b/42b0f4a6929f.wav,2.57,16000,1,2,41120
/Users/emiliaknyazeva/Desktop/whisper/data/raw/openstt/asr_calls_2_val/d/4f/2f997a546427.wav,1.38,16000,1,2,22080
/Users/emiliaknyazeva/Desktop/whisper/data/raw/openstt/asr_calls_2_val/6/72/4f48c98eba67.wav,3.48,16000,1,2,55680
/Users/emiliaknyazeva/Desktop/whisper/data/raw/openstt/asr_calls_2_val/7/72/a1b907e61b35.wav,3.11,16000,1,2,49760
/Users/emiliaknyazeva/Desktop/whisper/data/raw/openstt/asr_calls_2_val/1/48/212ae4a3d4f8.wav,1.75,16000,1,2,28000
/Users/emiliaknyazeva/Desktop/whisper/data/raw/openstt/asr_calls_2_val/1/ef/f6d3990b42df.wav,0.55,16000,1,2,8800
/Users/emiliaknyazeva/Desktop/whisper/data/raw/openstt/asr_calls_2_val/2/aa/c4b46ae2106e.wav,1.96,16000,1,2,31360
/Users/emiliaknyazeva/Desktop/whisper/data/raw/openstt/asr_calls_2_val/9/ad/8949819f27a0.wav,17.27,16000,1,2,276320
/Users/emiliaknyazeva/Desktop/whisper/data/raw/openstt/asr_calls_2_val/7/20/bc36c2eb5081.wav,1.82,16000,1,2,29120
/Users/emiliaknyazeva/Desktop/whisper/data/raw/openstt/asr_calls_2_val/7/bf/aab4f5815b57.wav,6.12,16000,1,2,97920
/Users/emiliaknyazeva/Desktop/whisper/data/raw/openstt/asr_calls_2_val/b/b2/558d2f702169.wav,1.28,16000,1,2,20480
/Users/emiliaknyazeva/Desktop/whisper/data/raw/openstt/asr_calls_2_val/7/73/dd4f939714a6.wav,0.61,16000,1,2,9760
/Users/emiliaknyazeva/Desktop/whisper/data/raw/openstt/asr_calls_2_val/c/a5/530f586ab59a.wav,2.01,16000,1,2,32160
/Users/emiliaknyazeva/Desktop/whisper/data/raw/openstt/asr_calls_2_val/6/02/ea1e44eca056.wav,1.0,16000,1,2,16000
/Users/emiliaknyazeva/Desktop/whisper/data/raw/openstt/asr_calls_2_val/7/ed/4deee02770a3.wav,6.31,16000,1,2,100960
/Users/emiliaknyazeva/Desktop/whisper/data/raw/openstt/asr_calls_2_val/b/59/b37e37ffd204.wav,1.57,16000,1,2,25120
/Users/emiliaknyazeva/Desktop/whisper/data/raw/openstt/asr_calls_2_val/0/de/731155257edc.wav,0.7,16000,1,2,11200
/Users/emiliaknyazeva/Desktop/whisper/data/raw/openstt/asr_calls_2_val/6/83/c35cee9a2e0a.wav,5.02,16000,1,2,80320
/Users/emiliaknyazeva/Desktop/whisper/data/raw/openstt/asr_calls_2_val/3/a1/025e2854d4e9.wav,1.49,16000,1,2,23840
/Users/emiliaknyazeva/Desktop/whisper/data/raw/openstt/asr_calls_2_val/a/e4/4ec005a602c8.wav,6.94,16000,1,2,111040
/Users/emiliaknyazeva/Desktop/whisper/data/raw/openstt/asr_calls_2_val/5/bc/3a35043ebd17.wav,1.59,16000,1,2,25440
/Users/emiliaknyazeva/Desktop/whisper/data/raw/openstt/asr_calls_2_val/a/f2/5f89cd60e589.wav,1.66,16000,1,2,26560
/Users/emiliaknyazeva/Desktop/whisper/data/raw/openstt/asr_calls_2_val/9/f7/fd29cc0bd186.wav,1.09,16000,1,2,17440
/Users/emiliaknyazeva/Desktop/whisper/data/raw/openstt/asr_calls_2_val/f/2c/80ed7b49d120.wav,0.7,16000,1,2,11200
/Users/emiliaknyazeva/Desktop/whisper/data/raw/openstt/asr_calls_2_val/0/26/39fc8047894c.wav,2.01,16000,1,2,32160
/Users/emiliaknyazeva/Desktop/whisper/data/raw/openstt/asr_calls_2_val/a/28/88a7585d5819.wav,0.47,16000,1,2,7520
/Users/emiliaknyazeva/Desktop/whisper/data/raw/openstt/asr_calls_2_val/8/60/06070f29c976.wav,1.27,16000,1,2,20320
/Users/emiliaknyazeva/Desktop/whisper/data/raw/openstt/asr_calls_2_val/5/c0/1c1fcb443e0c.wav,1.71,16000,1,2,27360
/Users/emiliaknyazeva/Desktop/whisper/data/raw/openstt/asr_calls_2_val/9/11/01829bc3b80a.wav,1.19,16000,1,2,19040
/Users/emiliaknyazeva/Desktop/whisper/data/raw/openstt/asr_calls_2_val/3/e1/943d7ea9b4c0.wav,1.77,16000,1,2,28320
/Users/emiliaknyazeva/Desktop/whisper/data/raw/openstt/asr_calls_2_val/d/f2/1fb419d8af32.wav,2.8,16000,1,2,44800
/Users/emiliaknyazeva/Desktop/whisper/data/raw/openstt/asr_calls_2_val/8/78/5aa065ccc36a.wav,1.74,16000,1,2,27840
/Users/emiliaknyazeva/Desktop/whisper/data/raw/openstt/asr_calls_2_val/c/a5/66fbbadf1993.wav,0.52,16000,1,2,8320
/Users/emiliaknyazeva/Desktop/whisper/data/raw/openstt/asr_calls_2_val/1/2c/33e1420b6617.wav,2.96,16000,1,2,47360
/Users/emiliaknyazeva/Desktop/whisper/data/raw/openstt/asr_calls_2_val/0/08/852847413e22.wav,2.2,16000,1,2,35200
/Users/emiliaknyazeva/Desktop/whisper/data/raw/openstt/asr_calls_2_val/5/c8/9e2063d982cf.wav,3.55,16000,1,2,56800
/Users/emiliaknyazeva/Desktop/whisper/data/raw/openstt/asr_calls_2_val/e/65/e3d628c2eefd.wav,2.1,16000,1,2,33600
/Users/emiliaknyazeva/Desktop/whisper/data/raw/openstt/asr_calls_2_val/7/fe/233751526c8e.wav,1.24,16000,1,2,19840
/Users/emiliaknyazeva/Desktop/whisper/data/raw/openstt/asr_calls_2_val/7/29/0c0334b0f4d2.wav,0.97,16000,1,2,15520
/Users/emiliaknyazeva/Desktop/whisper/data/raw/openstt/asr_calls_2_val/5/97/8f811c95d21c.wav,1.34,16000,1,2,21440
/Users/emiliaknyazeva/Desktop/whisper/data/raw/openstt/asr_calls_2_val/0/a9/88ef26db7390.wav,6.4,16000,1,2,102400
/Users/emiliaknyazeva/Desktop/whisper/data/raw/openstt/asr_calls_2_val/2/a3/e7ccbd99dbc8.wav,1.63,16000,1,2,26080
/Users/emiliaknyazeva/Desktop/whisper/data/raw/openstt/asr_calls_2_val/4/78/171d38cc75ab.wav,0.9,16000,1,2,14400
/Users/emiliaknyazeva/Desktop/whisper/data/raw/openstt/asr_calls_2_val/2/6a/3ee550f6acbe.wav,2.23,16000,1,2,35680
/Users/emiliaknyazeva/Desktop/whisper/data/raw/openstt/asr_calls_2_val/d/a5/4af91797955f.wav,0.64,16000,1,2,10240
/Users/emiliaknyazeva/Desktop/whisper/data/raw/openstt/asr_calls_2_val/a/8a/d82c95dcc3c5.wav,1.6,16000,1,2,25600
/Users/emiliaknyazeva/Desktop/whisper/data/raw/openstt/asr_calls_2_val/9/71/66dc4a0c966b.wav,1.82,16000,1,2,29120
/Users/emiliaknyazeva/Desktop/whisper/data/raw/openstt/asr_calls_2_val/1/e0/750bbeaaa369.wav,0.86,16000,1,2,13760
/Users/emiliaknyazeva/Desktop/whisper/data/raw/openstt/asr_calls_2_val/f/f3/db674d9fbaaf.wav,3.61,16000,1,2,57760
/Users/emiliaknyazeva/Desktop/whisper/data/raw/openstt/asr_calls_2_val/9/31/1b6102b11c7f.wav,1.36,16000,1,2,21760
/Users/emiliaknyazeva/Desktop/whisper/data/raw/openstt/asr_calls_2_val/3/0e/e60026005083.wav,3.67,16000,1,2,58720
/Users/emiliaknyazeva/Desktop/whisper/data/raw/openstt/asr_calls_2_val/0/d1/f3b2f35b4ae8.wav,1.47,16000,1,2,23520
/Users/emiliaknyazeva/Desktop/whisper/data/raw/openstt/asr_calls_2_val/c/18/bb8d9a415a50.wav,1.79,16000,1,2,28640
/Users/emiliaknyazeva/Desktop/whisper/data/raw/openstt/asr_calls_2_val/c/2c/c91710744b6d.wav,0.82,16000,1,2,13120
/Users/emiliaknyazeva/Desktop/whisper/data/raw/openstt/asr_calls_2_val/9/44/ecffb4307607.wav,4.13,16000,1,2,66080
/Users/emiliaknyazeva/Desktop/whisper/data/raw/openstt/asr_calls_2_val/b/be/dba47a465c94.wav,2.37,16000,1,2,37920
/Users/emiliaknyazeva/Desktop/whisper/data/raw/openstt/asr_calls_2_val/e/8b/8ed83161ff3d.wav,0.68,16000,1,2,10880
/Users/emiliaknyazeva/Desktop/whisper/data/raw/openstt/asr_calls_2_val/8/90/40f4d57e83ef.wav,0.47,16000,1,2,7520
/Users/emiliaknyazeva/Desktop/whisper/data/raw/openstt/asr_calls_2_val/f/a4/3ef6b9a3209b.wav,1.17,16000,1,2,18720
/Users/emiliaknyazeva/Desktop/whisper/data/raw/openstt/asr_calls_2_val/c/a6/460b5161d5d2.wav,2.0099375,16000,1,2,32159
/Users/emiliaknyazeva/Desktop/whisper/data/raw/openstt/asr_calls_2_val/2/b2/8f0061cd5a34.wav,1.21,16000,1,2,19360
/Users/emiliaknyazeva/Desktop/whisper/data/raw/openstt/asr_calls_2_val/a/bf/6e1bb53a4861.wav,2.47,16000,1,2,39520
/Users/emiliaknyazeva/Desktop/whisper/data/raw/openstt/asr_calls_2_val/d/a4/85368ac0915c.wav,4.17,16000,1,2,66720
/Users/emiliaknyazeva/Desktop/whisper/data/raw/openstt/asr_calls_2_val/4/da/d50eb410f9b1.wav,1.78,16000,1,2,28480
/Users/emiliaknyazeva/Desktop/whisper/data/raw/openstt/asr_calls_2_val/7/90/a90db5d7833d.wav,2.67,16000,1,2,42720
/Users/emiliaknyazeva/Desktop/whisper/data/raw/openstt/asr_calls_2_val/0/ad/7f255360a093.wav,3.41,16000,1,2,54560
/Users/emiliaknyazeva/Desktop/whisper/data/raw/openstt/asr_calls_2_val/2/4b/ea15f9d566d4.wav,1.31,16000,1,2,20960
/Users/emiliaknyazeva/Desktop/whisper/data/raw/openstt/asr_calls_2_val/b/76/32d9402db305.wav,2.11,16000,1,2,33760
/Users/emiliaknyazeva/Desktop/whisper/data/raw/openstt/asr_calls_2_val/1/72/55bc28ee06af.wav,1.95,16000,1,2,31200
/Users/emiliaknyazeva/Desktop/whisper/data/raw/openstt/asr_calls_2_val/c/01/5f8049e92870.wav,1.54,16000,1,2,24640
/Users/emiliaknyazeva/Desktop/whisper/data/raw/openstt/asr_calls_2_val/7/91/d90704fead8e.wav,6.8,16000,1,2,108800
/Users/emiliaknyazeva/Desktop/whisper/data/raw/openstt/asr_calls_2_val/b/58/5cceaa60d829.wav,1.34,16000,1,2,21440
/Users/emiliaknyazeva/Desktop/whisper/data/raw/openstt/asr_calls_2_val/a/59/987d480b7ca5.wav,2.3,16000,1,2,36800
/Users/emiliaknyazeva/Desktop/whisper/data/raw/openstt/asr_calls_2_val/d/cb/2f78904701d1.wav,1.88,16000,1,2,30080
/Users/emiliaknyazeva/Desktop/whisper/data/raw/openstt/asr_calls_2_val/6/d4/87601847544c.wav,1.44,16000,1,2,23040
/Users/emiliaknyazeva/Desktop/whisper/data/raw/openstt/asr_calls_2_val/5/4d/3b91ac3f5f0a.wav,4.92,16000,1,2,78720
/Users/emiliaknyazeva/Desktop/whisper/data/raw/openstt/asr_calls_2_val/e/ea/fa0405acc11e.wav,0.97,16000,1,2,15520
/Users/emiliaknyazeva/Desktop/whisper/data/raw/openstt/asr_calls_2_val/6/6d/bed755d4a2e1.wav,1.17,16000,1,2,18720
/Users/emiliaknyazeva/Desktop/whisper/data/raw/openstt/asr_calls_2_val/9/b0/4815c957eecf.wav,0.87,16000,1,2,13920
/Users/emiliaknyazeva/Desktop/whisper/data/raw/openstt/asr_calls_2_val/0/af/8b40a7125838.wav,6.82,16000,1,2,109120
/Users/emiliaknyazeva/Desktop/whisper/data/raw/openstt/asr_calls_2_val/c/45/d4eb458bfe82.wav,2.24,16000,1,2,35840
/Users/emiliaknyazeva/Desktop/whisper/data/raw/openstt/asr_calls_2_val/a/48/82847bbd6840.wav,0.89,16000,1,2,14240
/Users/emiliaknyazeva/Desktop/whisper/data/raw/openstt/asr_calls_2_val/1/09/09d9a22d79fd.wav,5.65,16000,1,2,90400
/Users/emiliaknyazeva/Desktop/whisper/data/raw/openstt/asr_calls_2_val/d/4c/c94790cf502a.wav,2.18,16000,1,2,34880
/Users/emiliaknyazeva/Desktop/whisper/data/raw/openstt/asr_calls_2_val/2/86/865b853bc3f2.wav,2.38,16000,1,2,38080
/Users/emiliaknyazeva/Desktop/whisper/data/raw/openstt/asr_calls_2_val/4/c1/7704a5f260af.wav,2.01,16000,1,2,32160
/Users/emiliaknyazeva/Desktop/whisper/data/raw/openstt/asr_calls_2_val/8/dd/10222b39a822.wav,1.44,16000,1,2,23040
/Users/emiliaknyazeva/Desktop/whisper/data/raw/openstt/asr_calls_2_val/6/e3/cd81b87988f1.wav,4.07,16000,1,2,65120
/Users/emiliaknyazeva/Desktop/whisper/data/raw/openstt/asr_calls_2_val/7/3e/0976f78a461f.wav,0.74,16000,1,2,11840
/Users/emiliaknyazeva/Desktop/whisper/data/raw/openstt/asr_calls_2_val/3/a2/b91f9e7a6e9d.wav,0.47,16000,1,2,7520
/Users/emiliaknyazeva/Desktop/whisper/data/raw/openstt/asr_calls_2_val/0/66/1dff47e79ad5.wav,1.28,16000,1,2,20480
/Users/emiliaknyazeva/Desktop/whisper/data/raw/openstt/asr_calls_2_val/7/3b/0da869c27b2d.wav,1.26,16000,1,2,20160
/Users/emiliaknyazeva/Desktop/whisper/data/raw/openstt/asr_calls_2_val/2/59/8a509ba7a9c2.wav,3.26,16000,1,2,52160
/Users/emiliaknyazeva/Desktop/whisper/data/raw/openstt/asr_calls_2_val/d/54/974c08b5f017.wav,0.4,16000,1,2,6400
/Users/emiliaknyazeva/Desktop/whisper/data/raw/openstt/asr_calls_2_val/6/91/33043f9d1153.wav,3.46,16000,1,2,55360
/Users/emiliaknyazeva/Desktop/whisper/data/raw/openstt/asr_calls_2_val/5/8e/afe140fbf9e3.wav,1.87,16000,1,2,29920
/Users/emiliaknyazeva/Desktop/whisper/data/raw/openstt/asr_calls_2_val/7/65/192926e6a3e9.wav,0.82,16000,1,2,13120
/Users/emiliaknyazeva/Desktop/whisper/data/raw/openstt/asr_calls_2_val/c/cc/f6e596cb20f0.wav,0.62,16000,1,2,9920
/Users/emiliaknyazeva/Desktop/whisper/data/raw/openstt/asr_calls_2_val/3/a8/063c42489ef8.wav,0.65,16000,1,2,10400
/Users/emiliaknyazeva/Desktop/whisper/data/raw/openstt/asr_calls_2_val/b/76/84b7edc46a27.wav,2.08,16000,1,2,33280
/Users/emiliaknyazeva/Desktop/whisper/data/raw/openstt/asr_calls_2_val/2/ff/a755c3847ec5.wav,0.79,16000,1,2,12640
/Users/emiliaknyazeva/Desktop/whisper/data/raw/openstt/asr_calls_2_val/5/ae/915453a81704.wav,1.16,16000,1,2,18560
/Users/emiliaknyazeva/Desktop/whisper/data/raw/openstt/asr_calls_2_val/7/e3/9499d6c49a9d.wav,2.48,16000,1,2,39680
/Users/emiliaknyazeva/Desktop/whisper/data/raw/openstt/asr_calls_2_val/5/e3/ab2c234574fd.wav,3.35,16000,1,2,53600
/Users/emiliaknyazeva/Desktop/whisper/data/raw/openstt/asr_calls_2_val/3/f9/19ffcd185522.wav,2.47,16000,1,2,39520
/Users/emiliaknyazeva/Desktop/whisper/data/raw/openstt/asr_calls_2_val/a/66/ea963742ebc7.wav,0.6,16000,1,2,9600
/Users/emiliaknyazeva/Desktop/whisper/data/raw/openstt/asr_calls_2_val/b/d1/9a2fef114feb.wav,1.32,16000,1,2,21120
/Users/emiliaknyazeva/Desktop/whisper/data/raw/openstt/asr_calls_2_val/c/4c/feda83544382.wav,1.28,16000,1,2,20480
/Users/emiliaknyazeva/Desktop/whisper/data/raw/openstt/asr_calls_2_val/9/44/97f9c179722f.wav,1.35,16000,1,2,21600
/Users/emiliaknyazeva/Desktop/whisper/data/raw/openstt/asr_calls_2_val/a/51/3e14a91a40ea.wav,1.56,16000,1,2,24960
/Users/emiliaknyazeva/Desktop/whisper/data/raw/openstt/asr_calls_2_val/2/7c/7a63ae919808.wav,1.38,16000,1,2,22080
/Users/emiliaknyazeva/Desktop/whisper/data/raw/openstt/asr_calls_2_val/9/19/2b21f3367d97.wav,1.74,16000,1,2,27840
/Users/emiliaknyazeva/Desktop/whisper/data/raw/openstt/asr_calls_2_val/8/b8/81ff9d1109b0.wav,2.44,16000,1,2,39040
/Users/emiliaknyazeva/Desktop/whisper/data/raw/openstt/asr_calls_2_val/7/76/8fdc26ab0fd2.wav,4.02,16000,1,2,64320
/Users/emiliaknyazeva/Desktop/whisper/data/raw/openstt/asr_calls_2_val/2/72/170d5119b823.wav,1.7,16000,1,2,27200
/Users/emiliaknyazeva/Desktop/whisper/data/raw/openstt/asr_calls_2_val/9/5c/1171189bad0c.wav,3.15,16000,1,2,50400
/Users/emiliaknyazeva/Desktop/whisper/data/raw/openstt/asr_calls_2_val/0/12/214b1d4dc87c.wav,3.8,16000,1,2,60800
/Users/emiliaknyazeva/Desktop/whisper/data/raw/openstt/asr_calls_2_val/f/c2/d9eadae62c99.wav,1.31,16000,1,2,20960
/Users/emiliaknyazeva/Desktop/whisper/data/raw/openstt/asr_calls_2_val/f/55/57ad27ee46eb.wav,1.56,16000,1,2,24960
/Users/emiliaknyazeva/Desktop/whisper/data/raw/openstt/asr_calls_2_val/f/52/3cda1a252aac.wav,1.58,16000,1,2,25280
/Users/emiliaknyazeva/Desktop/whisper/data/raw/openstt/asr_calls_2_val/f/7b/758f54ab3612.wav,0.58,16000,1,2,9280
/Users/emiliaknyazeva/Desktop/whisper/data/raw/openstt/asr_calls_2_val/d/5e/ac5fe5ee560d.wav,1.41,16000,1,2,22560
/Users/emiliaknyazeva/Desktop/whisper/data/raw/openstt/asr_calls_2_val/0/49/41c551394c09.wav,1.48,16000,1,2,23680
/Users/emiliaknyazeva/Desktop/whisper/data/raw/openstt/asr_calls_2_val/c/53/0b5f6e0f33a5.wav,3.96,16000,1,2,63360
/Users/emiliaknyazeva/Desktop/whisper/data/raw/openstt/asr_calls_2_val/5/47/d5cb84c589a5.wav,1.48,16000,1,2,23680
/Users/emiliaknyazeva/Desktop/whisper/data/raw/openstt/asr_calls_2_val/8/88/26f079744f01.wav,6.85,16000,1,2,109600
/Users/emiliaknyazeva/Desktop/whisper/data/raw/openstt/asr_calls_2_val/0/6f/d72e40e45d15.wav,5.87,16000,1,2,93920
/Users/emiliaknyazeva/Desktop/whisper/data/raw/openstt/asr_calls_2_val/b/d1/f0a0402459f5.wav,1.17,16000,1,2,18720
/Users/emiliaknyazeva/Desktop/whisper/data/raw/openstt/asr_calls_2_val/6/78/559050460ba4.wav,1.43,16000,1,2,22880
/Users/emiliaknyazeva/Desktop/whisper/data/raw/openstt/asr_calls_2_val/6/f5/f88fc24f3712.wav,2.92,16000,1,2,46720
/Users/emiliaknyazeva/Desktop/whisper/data/raw/openstt/asr_calls_2_val/b/e9/624ad88bb9c6.wav,1.11,16000,1,2,17760
/Users/emiliaknyazeva/Desktop/whisper/data/raw/openstt/asr_calls_2_val/a/05/ae41dd10c0a7.wav,1.33,16000,1,2,21280
/Users/emiliaknyazeva/Desktop/whisper/data/raw/openstt/asr_calls_2_val/9/5b/ee4ec0df321d.wav,2.42,16000,1,2,38720
/Users/emiliaknyazeva/Desktop/whisper/data/raw/openstt/asr_calls_2_val/6/d2/ddced95a8fb0.wav,2.49,16000,1,2,39840
/Users/emiliaknyazeva/Desktop/whisper/data/raw/openstt/asr_calls_2_val/6/f6/7e0f76b55e31.wav,0.72,16000,1,2,11520
/Users/emiliaknyazeva/Desktop/whisper/data/raw/openstt/asr_calls_2_val/9/c3/5648848e3d98.wav,1.7,16000,1,2,27200
/Users/emiliaknyazeva/Desktop/whisper/data/raw/openstt/asr_calls_2_val/2/ed/f5fcc66844f8.wav,1.66,16000,1,2,26560
/Users/emiliaknyazeva/Desktop/whisper/data/raw/openstt/asr_calls_2_val/d/e7/cbf941368f31.wav,1.27,16000,1,2,20320
/Users/emiliaknyazeva/Desktop/whisper/data/raw/openstt/asr_calls_2_val/4/b5/64d050ba5f35.wav,1.88,16000,1,2,30080
/Users/emiliaknyazeva/Desktop/whisper/data/raw/openstt/asr_calls_2_val/b/ef/db3e7300abc9.wav,0.63,16000,1,2,10080
/Users/emiliaknyazeva/Desktop/whisper/data/raw/openstt/asr_calls_2_val/a/1f/a5db5ec77094.wav,1.54,16000,1,2,24640
/Users/emiliaknyazeva/Desktop/whisper/data/raw/openstt/asr_calls_2_val/d/4c/089235806599.wav,1.2,16000,1,2,19200
/Users/emiliaknyazeva/Desktop/whisper/data/raw/openstt/asr_calls_2_val/1/be/c1ac143da153.wav,2.77,16000,1,2,44320
/Users/emiliaknyazeva/Desktop/whisper/data/raw/openstt/asr_calls_2_val/8/8b/f590c8f22940.wav,1.91,16000,1,2,30560
/Users/emiliaknyazeva/Desktop/whisper/data/raw/openstt/asr_calls_2_val/6/20/5812145761ed.wav,2.49,16000,1,2,39840
/Users/emiliaknyazeva/Desktop/whisper/data/raw/openstt/asr_calls_2_val/1/3a/358c41e9dd27.wav,0.84,16000,1,2,13440
/Users/emiliaknyazeva/Desktop/whisper/data/raw/openstt/asr_calls_2_val/3/1c/2d375ae45006.wav,3.41,16000,1,2,54560
/Users/emiliaknyazeva/Desktop/whisper/data/raw/openstt/asr_calls_2_val/2/dc/451e9854098c.wav,1.22,16000,1,2,19520
/Users/emiliaknyazeva/Desktop/whisper/data/raw/openstt/asr_calls_2_val/2/56/36536cdb8b6f.wav,2.05,16000,1,2,32800
/Users/emiliaknyazeva/Desktop/whisper/data/raw/openstt/asr_calls_2_val/f/45/1ed817fef1ed.wav,1.47,16000,1,2,23520
/Users/emiliaknyazeva/Desktop/whisper/data/raw/openstt/asr_calls_2_val/5/c0/048e4192e828.wav,0.57,16000,1,2,9120
/Users/emiliaknyazeva/Desktop/whisper/data/raw/openstt/asr_calls_2_val/a/09/3a322ca10f68.wav,1.2,16000,1,2,19200
/Users/emiliaknyazeva/Desktop/whisper/data/raw/openstt/asr_calls_2_val/0/f7/39ee88cce87a.wav,0.91,16000,1,2,14560
/Users/emiliaknyazeva/Desktop/whisper/data/raw/openstt/asr_calls_2_val/a/99/e2212a419662.wav,2.06,16000,1,2,32960
/Users/emiliaknyazeva/Desktop/whisper/data/raw/openstt/asr_calls_2_val/a/22/4e2130d0cf93.wav,0.78,16000,1,2,12480
/Users/emiliaknyazeva/Desktop/whisper/data/raw/openstt/asr_calls_2_val/0/bb/4dbc1a34fa99.wav,1.95,16000,1,2,31200
/Users/emiliaknyazeva/Desktop/whisper/data/raw/openstt/asr_calls_2_val/3/aa/6f5459c57395.wav,1.22,16000,1,2,19520
/Users/emiliaknyazeva/Desktop/whisper/data/raw/openstt/asr_calls_2_val/6/6b/6ea2cf4181ac.wav,0.8,16000,1,2,12800
/Users/emiliaknyazeva/Desktop/whisper/data/raw/openstt/asr_calls_2_val/f/37/93ff01fc1b72.wav,1.27,16000,1,2,20320
/Users/emiliaknyazeva/Desktop/whisper/data/raw/openstt/asr_calls_2_val/f/df/087aefe61bcd.wav,0.82,16000,1,2,13120
/Users/emiliaknyazeva/Desktop/whisper/data/raw/openstt/asr_calls_2_val/9/71/5e6f18e90ce8.wav,1.11,16000,1,2,17760
/Users/emiliaknyazeva/Desktop/whisper/data/raw/openstt/asr_calls_2_val/8/cb/c340a2ac643b.wav,1.38,16000,1,2,22080
/Users/emiliaknyazeva/Desktop/whisper/data/raw/openstt/asr_calls_2_val/4/99/3f040bf6cb19.wav,5.99,16000,1,2,95840
/Users/emiliaknyazeva/Desktop/whisper/data/raw/openstt/asr_calls_2_val/c/45/d33c6312fbff.wav,3.43,16000,1,2,54880
/Users/emiliaknyazeva/Desktop/whisper/data/raw/openstt/asr_calls_2_val/d/8d/59555cdb2482.wav,1.34,16000,1,2,21440
/Users/emiliaknyazeva/Desktop/whisper/data/raw/openstt/asr_calls_2_val/f/f9/64bfa2a7c509.wav,2.68,16000,1,2,42880
/Users/emiliaknyazeva/Desktop/whisper/data/raw/openstt/asr_calls_2_val/f/5b/6186bbaa7c4a.wav,1.98,16000,1,2,31680
/Users/emiliaknyazeva/Desktop/whisper/data/raw/openstt/asr_calls_2_val/2/f0/46893f6d253d.wav,4.44,16000,1,2,71040
/Users/emiliaknyazeva/Desktop/whisper/data/raw/openstt/asr_calls_2_val/5/37/84b54fcbecad.wav,3.68,16000,1,2,58880
/Users/emiliaknyazeva/Desktop/whisper/data/raw/openstt/asr_calls_2_val/6/5d/11a9596eacff.wav,2.0299375,16000,1,2,32479
/Users/emiliaknyazeva/Desktop/whisper/data/raw/openstt/asr_calls_2_val/0/ea/0e2d66304f90.wav,1.31,16000,1,2,20960
/Users/emiliaknyazeva/Desktop/whisper/data/raw/openstt/asr_calls_2_val/4/3e/e7b7eb42ad51.wav,4.83,16000,1,2,77280
/Users/emiliaknyazeva/Desktop/whisper/data/raw/openstt/asr_calls_2_val/9/82/5bc579e267f3.wav,6.92,16000,1,2,110720
/Users/emiliaknyazeva/Desktop/whisper/data/raw/openstt/asr_calls_2_val/c/cc/db891b9a8139.wav,2.62,16000,1,2,41920
/Users/emiliaknyazeva/Desktop/whisper/data/raw/openstt/asr_calls_2_val/e/6b/83adefaa36d8.wav,2.76,16000,1,2,44160
/Users/emiliaknyazeva/Desktop/whisper/data/raw/openstt/asr_calls_2_val/e/de/d96d40fc4b94.wav,5.7,16000,1,2,91200
/Users/emiliaknyazeva/Desktop/whisper/data/raw/openstt/asr_calls_2_val/4/49/08b0f8701b94.wav,2.07,16000,1,2,33120
/Users/emiliaknyazeva/Desktop/whisper/data/raw/openstt/asr_calls_2_val/1/49/93fdcc0df428.wav,8.0,16000,1,2,128000
/Users/emiliaknyazeva/Desktop/whisper/data/raw/openstt/asr_calls_2_val/c/80/869848be8542.wav,0.72,16000,1,2,11520
/Users/emiliaknyazeva/Desktop/whisper/data/raw/openstt/asr_calls_2_val/d/88/8e795e67f9b6.wav,3.59,16000,1,2,57440
/Users/emiliaknyazeva/Desktop/whisper/data/raw/openstt/asr_calls_2_val/e/88/51cd12a209a0.wav,1.0,16000,1,2,16000
/Users/emiliaknyazeva/Desktop/whisper/data/raw/openstt/asr_calls_2_val/3/3d/2617e8bdfb75.wav,2.13,16000,1,2,34080
/Users/emiliaknyazeva/Desktop/whisper/data/raw/openstt/asr_calls_2_val/a/0f/7862c7f35439.wav,0.94,16000,1,2,15040
/Users/emiliaknyazeva/Desktop/whisper/data/raw/openstt/asr_calls_2_val/f/d5/89c14c16b294.wav,1.15,16000,1,2,18400
/Users/emiliaknyazeva/Desktop/whisper/data/raw/openstt/asr_calls_2_val/f/21/59faa64077ae.wav,1.57,16000,1,2,25120
/Users/emiliaknyazeva/Desktop/whisper/data/raw/openstt/asr_calls_2_val/b/34/6f4f6e6bc284.wav,1.66,16000,1,2,26560
/Users/emiliaknyazeva/Desktop/whisper/data/raw/openstt/asr_calls_2_val/c/c1/7c305b3affc3.wav,6.72,16000,1,2,107520
/Users/emiliaknyazeva/Desktop/whisper/data/raw/openstt/asr_calls_2_val/b/9e/e44c4b0b12a6.wav,1.32,16000,1,2,21120
/Users/emiliaknyazeva/Desktop/whisper/data/raw/openstt/asr_calls_2_val/d/a5/01a943686bb0.wav,0.67,16000,1,2,10720
/Users/emiliaknyazeva/Desktop/whisper/data/raw/openstt/asr_calls_2_val/7/8e/9281dbdd584f.wav,2.13,16000,1,2,34080
/Users/emiliaknyazeva/Desktop/whisper/data/raw/openstt/asr_calls_2_val/f/e9/55b350b0301a.wav,0.86,16000,1,2,13760
/Users/emiliaknyazeva/Desktop/whisper/data/raw/openstt/asr_calls_2_val/8/36/2e4912d09316.wav,1.48,16000,1,2,23680
/Users/emiliaknyazeva/Desktop/whisper/data/raw/openstt/asr_calls_2_val/1/1c/edc818ed7dda.wav,1.17,16000,1,2,18720
/Users/emiliaknyazeva/Desktop/whisper/data/raw/openstt/asr_calls_2_val/5/0f/6eff82cde69b.wav,0.89,16000,1,2,14240
/Users/emiliaknyazeva/Desktop/whisper/data/raw/openstt/asr_calls_2_val/5/cd/42fe35718a26.wav,2.12,16000,1,2,33920
/Users/emiliaknyazeva/Desktop/whisper/data/raw/openstt/asr_calls_2_val/2/bb/8a0e913040f6.wav,0.78,16000,1,2,12480
/Users/emiliaknyazeva/Desktop/whisper/data/raw/openstt/asr_calls_2_val/f/8a/a829c8702df7.wav,1.24,16000,1,2,19840
/Users/emiliaknyazeva/Desktop/whisper/data/raw/openstt/asr_calls_2_val/8/16/a4b59838d86d.wav,0.81,16000,1,2,12960
/Users/emiliaknyazeva/Desktop/whisper/data/raw/openstt/asr_calls_2_val/7/6b/a2336ed2e885.wav,2.18,16000,1,2,34880
/Users/emiliaknyazeva/Desktop/whisper/data/raw/openstt/asr_calls_2_val/8/6e/aebeba198ad5.wav,1.26,16000,1,2,20160
/Users/emiliaknyazeva/Desktop/whisper/data/raw/openstt/asr_calls_2_val/8/90/24810358587e.wav,2.76,16000,1,2,44160
/Users/emiliaknyazeva/Desktop/whisper/data/raw/openstt/asr_calls_2_val/a/34/964c04d3407a.wav,4.12,16000,1,2,65920
/Users/emiliaknyazeva/Desktop/whisper/data/raw/openstt/asr_calls_2_val/8/bd/2c15f15a8f11.wav,0.91,16000,1,2,14560
/Users/emiliaknyazeva/Desktop/whisper/data/raw/openstt/asr_calls_2_val/6/67/d981fa053798.wav,2.11,16000,1,2,33760
/Users/emiliaknyazeva/Desktop/whisper/data/raw/openstt/asr_calls_2_val/2/77/9a09e9a3474e.wav,1.34,16000,1,2,21440
/Users/emiliaknyazeva/Desktop/whisper/data/raw/openstt/asr_calls_2_val/1/17/6e1a8337818e.wav,5.18,16000,1,2,82880
/Users/emiliaknyazeva/Desktop/whisper/data/raw/openstt/asr_calls_2_val/7/fb/12c61ed0998f.wav,1.6,16000,1,2,25600
/Users/emiliaknyazeva/Desktop/whisper/data/raw/openstt/asr_calls_2_val/0/49/e000df84008e.wav,0.65,16000,1,2,10400
/Users/emiliaknyazeva/Desktop/whisper/data/raw/openstt/asr_calls_2_val/7/79/bbaef7abd2d7.wav,1.48,16000,1,2,23680
/Users/emiliaknyazeva/Desktop/whisper/data/raw/openstt/asr_calls_2_val/b/20/d6dacdb27a7a.wav,0.52,16000,1,2,8320
/Users/emiliaknyazeva/Desktop/whisper/data/raw/openstt/asr_calls_2_val/7/97/4bbf8c28aabb.wav,1.65,16000,1,2,26400
/Users/emiliaknyazeva/Desktop/whisper/data/raw/openstt/asr_calls_2_val/8/06/b4c26ca58253.wav,2.79,16000,1,2,44640
/Users/emiliaknyazeva/Desktop/whisper/data/raw/openstt/asr_calls_2_val/f/31/deab6a0f65ad.wav,5.34,16000,1,2,85440
/Users/emiliaknyazeva/Desktop/whisper/data/raw/openstt/asr_calls_2_val/3/8b/7249e793797c.wav,0.61,16000,1,2,9760
